pmid,title,abstract
6825246,Noninvasive assessment of seasonal variations in cardiac structure and function in cyclists.,
1439164,Cardiac structure and function in women basketball athletes: seasonal variation and comparisons with nonathletic controls.,"To characterize hypertrophy and quantify seasonal changes in cardiac structure and function of women collegiate basketball (BB) athletes (n = 15), echocardiographic (echo) measurements were made in the fall (FALL1), winter (WIN), and spring (SPR), then again during the subsequent fall (FALL2; n = 10). Comparisons were made to age-matched nonathletes (NA) measured during FALL1 (n = 22) and SPR (n = 5). Left ventricular (LV) internal dimension-diastole (LVIDd), LV end-diastolic volume (LVEDV), stroke volume (SV), LV mass (LVM), septal thickness (IVS), LV posterior wall thickness (LVPW), right ventricular (RV) internal dimension-diastole (RVIDd), and aortic root diameter (AOD) were significantly larger (12-70%) in the athletes; RVIDd-, LVEDV-, SV-, and LVM-index were also significantly greater (8-46%). From FALL1 to SPR measurement periods, LVIDd, RVIDd, LVEDV, SV, IVS, and LVM-index increased significantly (7-18%) in the athletes. Over the same period of time, LVIDd, LAD, AOD, LVEDV, and SV measured in the five NA subjects increased significantly. In the athletes, LVIDs, RVIDd, IVS, LVPW, and LVM decreased significantly (5-30%) from the SPR to FALL2 measurement period. These data characterize the general nature of the cardiac hypertrophy noted in women BB athletes compared to NA controls and show that distinct changes in heart structure corresponding to different periods of the competitive season can occur in these athletes."
35249137,Seasonal variation of right heart function in elite skiers-racers: an echocardiographic study.,"To examine seasonal variation of the right heart (RH) structure and function in elite skiers-racers. The same group of 16 male was recruited into the study in the period of preparation for national competitions. The study was carried out at the hospital in Sykyvkar, the European North of Russia, which is located near 62° NL and 51° EL. The winter resting echocardiography study was performed in December 2017 (with the average temperature of - 7.8 °C) and the summer resting echocardiography study was performed in July 2018 (with the average temperature of + 23.8 °C). No significant difference was seen between the right atrium and ventricle dimensions in diastole in winter and summer (P > 0.05). In December both early diastolic peak filling velocity of the right ventricle (RV) and late atrial diastolic peak filling velocity of the RV were greater than that measured in July: 65 ± 7 vs. 56 ± 6 cm/s and 40 ± 6 vs. 34 ± 3 cm/s, respectively (P < 0.05). It was found out that blood flow ejection time at the root of pulmonary artery in winter was greater than in summer: 371 ± 27 vs. 345 ± 27 ms, respectively (P < 0.05). Regurgitation of blood flow in the tricuspid valve (from 1 to 1.5 grade or mild/moderate) was observed in all of the sixteen skiers studied. The right heart functional adaptation to cold occurs in elite skiers-racers. The right heart intracardiac hemodynamics increased in winter time."
37817231,Seasonal variation of cardiac structure and function in the elite rugby football league athlete.,"Pre-participation cardiac screening (PCS) of ""Super-League"" rugby football league (RFL) athletes is mandatory but may be completed at any time point. The aim of this study was to assess cardiac electrical, structural and functional variation across the competitive season. Elite, male, RFL athletes from a single Super-League club underwent cardiac evaluation using electrocardiography (ECG), 2D echocardiography and speckle tracking echocardiography (STE) at four time points across the RFL season; (1) End pre-season (ENDPRE), (2) mid-season (MIDCOMP), (3) end-season (ENDCOMP) and (4) End off-season (ENDOFF). Training loads for each time point were also determined. One-way ANOVA with post-hoc Bonferroni were used for statistical analyses. Total workload undertaken by athletes was lower at both MIDCOMP and ENDCOMP compared to ENDPRE (P < 0.001). ECG patterns were normal with training-related changes that were largely consistent across assessments. Structural data did not vary across assessment points. Standard functional data was not different across assessment points but apical rotation and twist were higher at ENDPRE (9.83˚ and 16.55˚, respectively compared to all other time points (MIDCOMP, 6.13˚ and 12.62˚; ENDCOMP, 5.84˚ and 12.12˚; ENDOFF 6.60˚ and 12.35˚). Despite some seasonal variation in training load, the athletes' ECG and cardiac structure were stable across a competitive season. Seasonal variation in left ventricular (LV) apical rotation and twist, associated with higher training loads, should be noted in the context of PCS."
30429541,Health effects of seasonal variation in cardiovascular hemodynamics among workers in forest environments.,"Seasonal variation in cardiovascular functions (CVFs) associated with climatic changes is an important emerging public health issue. The objectives of this study were to demonstrate seasonal variation in CVFs by comparing intra-individual differences between winter and summer among people working in a forest environment and to discuss the possible mechanisms accounting for the health effects of seasonal variation in cardiovascular hemodynamics. A total of 72 staff members of the Experimental Forest of National Taiwan University were recruited for continuous health monitoring during two seasons to investigate the intra-individual seasonal variation in CVFs, complete blood counts, and biochemical examinations. CVFs were assessed by measuring the arterial pressure waveform by a cuff sphygmomanometer using an oscillometric blood pressure device, and aortic stiffness was measured by brachial-ankle pulse wave velocity (baPWV). The results showed that cholesterol levels, white and red blood cell counts, and platelet counts were higher in winter than in summer. Subjects showed not only higher vascular stress, as indicated by higher levels of brachial systolic and diastolic blood pressure (SBP and DBP), central end-SBP and DBP, systemic vascular resistance (SVR), and baPWV, but also lower cardiac activities, including lower levels of heart rate, left ventricular contractility, and cardiac output in winter than in summer. The central and brachial BP, cardiac output, SVR, and baPWV were significantly associated with temperature changes in seasonal variation after controlling related confounding factors. This study provides evidence of higher vascular stress and susceptibility to atherothrombosis during winter compared with summer."
19776756,Seasonal variation in haemodynamics and blood pressure-regulating hormones.,"Seasonal variation in blood pressure (BP) has been described in some people, although the variation is small for both systolic and diastolic BPs. The aim of this study was to elucidate underlying haemodynamic and hormonal mechanisms that may occur to defend seasonal changes in BP. Participants were 27 men and 7 women with either normal BP or early hypertension. Measurements of haemodynamics (cardiac output by dual-gas rebreathing) and hormones (resting catecholamines, renin activity, and aldosterone by radioenzymatic assay or radioimmunoassay) were performed during the summer, fall, winter, and spring seasons. Student's paired t-test with Bonferroni modification and regression analyses were used to examine the data with a significance level of P<0.05. Systolic and diastolic BP remained relatively constant across seasons. Cardiac output and stroke volume significantly decreased 10 and 15%, respectively, from summer to winter, whereas heart rate and systemic vascular resistance significantly increased 5 and 11%, respectively. Plasma aldosterone (PA) significantly increased 59% from summer to winter, whereas plasma norepinephrine (PNE), plasma epinephrine, and plasma renin activity (PRA) increased 19, 2, and 17%, respectively (pNS for each). Across the four seasons, mean arterial pressure significantly correlated with PRA and PA, whereas systemic vascular resistance significantly correlated with PNE and PRA. There are dramatic counterregulatory haemodynamic and hormonal adaptations to maintain a relatively constant BP. Norepinephrine, PRA, and aldosterone have a function in mediating the changes in haemodynamics."
10879418,Summer-winter differences in 24 h variability of heart rate.,"To examine possible seasonal changes in heart rate variability (HRV). Greater than normal mortality from cardiovascular disease (CVD) in the winter has been reported for many countries and might be partly explained by considering seasonal changes in CVD risk factors. Depression of HRV is an independent predictor of arrhythmic complications and of cardiac death, and it is also among the variables that may be affected by the season of the year. We compared pairs of 24 h HRV data of 120 healthy men who were examined once in the summer and once in the winter. Multivariate analyses were performed for each dependent variable (HRV indexes) in separate statistical models with age, resting heart rate, serum level of cholesterol, cigarette smoking, body mass index, sports habits, alcohol consumption, systolic blood pressure, physical activity at work, years of education, consumption of energy, and season as the independent variables. Although there were no seasonal differences in mean R-R interval, all indexes of HRV were found to be lower in the summer than they were during winter. Differences and 95% confidence intervals were standard deviation (SD) of coupling intervals between normal beats 12 ms, 6-17 ms; SD of 5 min mean R-R intervals 14 ms, 8-20 ms; mean of all 5 min SD of R-R intervals 2.0 ms, 0.6-2.5 ms; proportion of adjacent R-R intervals differing by > 50 ms 1.5%, 0.6-2.5% and root mean square of the difference between successive normal intervals 3.1 ms, 1.5-4 ms. Multivariate analyses showed that HRV in the winter was less than that in the summer even after adjustment for age, serum level of cholesterol, systolic blood pressure, and body mass index. HRV indexes of healthy men vary physiologically by season, with lowest values obtained in the winter. Since low HRV is linked to pathologic conditions, the significance of seasonal changes for those suffering from CVD and their possible contribution to the greater mortality rates in winter have to be considered."
19424916,Reproducibility and seasonal variation of ambulatory short-term heart rate variability in healthy subjects during a self-selected rest period and during sleep.,"Although ambulatory measurements of heart rate variability (HRV) are widely used, the reproducibility and seasonal variation of ambulatory sampled short-term HRV measurements in healthy participants has not been investigated before. In the present study we collected ambulatory ECGs from 19 healthy participants monthly for 12 months, and for a sub-group of 12 participants weekly for one month. Frequency-domain HRV-metrics were calculated for 5 min ECG segments during (i) a 15-min self-selected rest period (awake period), and (ii) a 30-min sleep period starting 45 min after estimated sleep onset. Total, within- and between-subject coefficient of variation (CV) and seasonal variation were estimated for ln (TP), ln (LFP), ln (HFP), ln (LF/HF), LFnu, HFnu, the mean heart period and the ECG derived respiratory frequency.The within- and between-subject CV varied considerably between different variables, from < 10% for ln (TP) and ln (LFP) to >100% for ln (LF/HF). Within- and between-subject CV of ln (HFP), LFnu and HFnu were 10-40%. A weak, but significant, seasonal variation was found for ln (TP) (p = 0.05), ln (LFP) (p<0.05) and the respiratory frequency (p<0.01), but the seasonal variation did not affect the within-subject CV. Furthermore, sample size calculations demonstrated that the reproducibility was sufficient for ambulatory HRV measurements to be used to study autonomic cardiac regulation in healthy populations."
27518888,Heart rate variability in workers of various professions in contrasting seasons of the year.,"It is known that professional occupation affects the heart rate variability (HRV). However, most studies have not taken into account seasonal features of the HRV. The aim of this study has been to evaluate the HRV differences in winter and in summer in the case of the Ministry of the Russian Federation for Civil Defense, Emergencies and Elimination of Consequences of Natural Disasters (EMERCOM) workers and scientific workers from the Komi Science Center of the Ural Branch of the Russian Academy of Sciences. The short-term HRV was examined for 13 EMERCOM workers and 13 scientific workers. The data was collected in winter (December) and summer (July) for the same groups of workers. The time domain and frequency domain HRV analyses were performed. The EMERCOM workers had more contact with the external environment than the scientific workers. The two-way analysis of variance with repeated observations on a single factor has shown that ""Season"" and interaction of two factors ""Season"" and ""Profession"" significantly influenced the HRV among volunteers. The ""Profession"" factor did not influence the HRV parameters (except for the heart rate in winter, p = 0.042). Seasonal changes in the HRV parameters were not significant in the case of scientific workers. In contrast, the EMERCOM workers showed significantly decreased parameters of parasympathetic activity (the root-mean-square of successive differences in RR intervals, percentage of consecutive RR intervals differing by > 50 ms and the relative value high frequency power, p = 0.001, p = 0.014 and p = 0.009, respectively) and increased parameters of sympathetic activity (the stress index and ratio of low-frequency power to high-frequency power, p = 0.012 and p = 0.006, respectively) in winter as compared to summer. The results of our study indicate that, unlike the scientific workers, the EMERCOM workers showed significant changes in the HRV in contrasting seasons (winter and summer). A season of a year should be considered when assessing the HRV among workers of various professions. Int J Occup Med Environ Health 2016;29(5):793-800."
23111917,Seasonal differences in melatonin concentrations and heart rates during sleep in obese subjects in Japan.,"During the past several decades, obesity has been increasing globally. In Japan, obesity is defined by a BMI of 25 kg/m² or over; 28.6 % of men and 20.6 % of women are obese. Obese people have an increased incidence of developing cardiovascular, renal, and hormonal diseases and sleep disorders. Obese people also have shortened sleep durations. We investigated seasonal differences in melatonin concentrations, heart rates, and heart rate variability during sleep in obese subjects in Japan. Five obese (BMI, 32.0 ± 4.9 kg/m²) and five non-obese (BMI, 23.2 ± 2.9 kg/m²) men participated in this study in the summer and winter. Electrocardiograms were measured continuously overnight in a climatic chamber at 26 °C with a relative humidity of 50 %. Saliva samples for melatonin were collected at 2300 hours, 0200 hours, and 0600 hours. We found that melatonin concentrations during sleep in obese subjects were significantly lower than those in non-obese subjects in the winter. Heart rate during sleep in winter was significantly higher than that in summer in both obese and non-obese subjects. Heart rate variability was not significantly different in the summer and winter in both obese and non-obese subjects. Our results show that decreased nocturnal melatonin concentrations during winter in obese men may be related to higher heart rates, and this may suggest that obese men are at an increased risk of a cardiovascular incident during sleep, especially in the winter."
23940424,The seasonal variation in hospitalizations due to chronic systolic heart failure correlates with blood sodium levels and cardiac function.,"Although seasonal variation in hospitalizations due to chronic heart failure is recognized, the possible contributors to such variability are less well documented. Records from all admissions to 12 hospitals in Hubei province, China, over a 10-year period with diagnostic codes for chronic systolic heart failure (CSHF) were reviewed. A total of 16,145 patients with CSHF were analyzed. There was a marked seasonal variation in the number of hospitalizations due to CSHF, with two peaks in the monthly rate of hospitalization due to CSHF occurring in December and August compared with the spring and autumn months. Monthly hospitalizations due to CSHF for patients with New York Heart Association class III and IV ranged from a peak of 40.4% and 23.3% above average in December and August, respectively, to 18.6% below average in November, while hospitalizations due to CSHF for patients with New York Heart Association class I and II exhibited no obvious seasonal variation. Blood sodium level (95% CI 2.132 to 2.144; P=0.036) was an independent risk factor for hospitalizations due to CSHF in August. The number of hospitalizations due to CSHF increased during the colder and warmer months in China. A low blood sodium level was associated with the peak in hospitalizations in August."
21538387,Seasonal variation in heart failure hospitalization.,"A seasonal variation has been reported for occurrence of acute cardiovascular events, such as myocardial infarction, sudden death, and rupture/dissection of aortic aneurysms. The aim of this study was to determine whether a seasonal variation exists for heart failure (HF) hospitalization. The study included all cases of HF admissions to Ferrara Hospital between January 2002 and December 2009. The sample was divided into subgroups by gender, age, cardiovascular risk factors, patients' outcome, and order of ICD-9 codes (first diagnosis, accessory diagnosis). On the basis of date of admission, cases have been analyzed for seasonal variation and annual frequency. For seasonal analysis, monthly cases were categorized into four 3-month intervals by seasons. Moreover, monthly admissions have been also adjusted for number of days, and the average number of admissions per month has been used. The database included 15,954 patients with the ICD-9-CM codes of HF (420-429). Hospital admissions for HF were most frequent in winter (28.4%) and least in summer (20.4%). Chronobiological analysis yielded a significant peak in January for total cases and all subgroups considered. No differences were found for subgroups by gender, age, fatal cases, presence of hypertension and diabetes mellitus, patients' outcome, and order of ICD-9 codes (first diagnosis, accessory diagnosis). A seasonal periodicity for HF hospitalization was demonstrated, with a peak in winter months, independent of gender, age, major cardiovascular risk factor, and patients' outcome. These data could be useful for practitioners to improve causative prevention measures, therapeutic management, and educational strategies."
10411853,Seasonal variation in chronic heart failure hospitalizations and mortality in France.,"Circannual variation in blood pressure and in the incidence of acute myocardial infarction is well known but has not been investigated in chronic heart failure. This report describes and compares the seasonal variation of chronic heart failure hospitalizations and mortality in the French population. All deaths that occurred among French adults over the period 1992 to 1996 (n=138 602) and all discharges by adults in French public hospitals for chronic heart failure over the period 1995 to 1997 (n=324 013) were examined retrospectively. First, chronic heart failure deaths in France occurred with a striking annual periodicity and peaked in winter (December through January), both in the overall population and in subgroups defined by age (>44 years old) and sex. The distribution of cumulative monthly deaths differed by nearly 35%, ranging from a peak of 20% above average in January to 15% below average in August (Roger's test: P<0.001). Second, hospitalizations for chronic heart failure in French public hospitals followed a similar seasonal pattern (P<0.001), with a winter-spring predominance (+7% to +10% from December through April). Third, for persons >/=85 years old, excess hospitalizations occurred earlier in the year, with marked synchronized peaks in January for both mortality and hospitalizations (P<0.001). Clear seasonal variations in adult chronic heart failure hospitalizations and deaths were identified. The considerable economic impact on health care services warrants further epidemiological investigations and a more comprehensive approach to disease management."
37666321,Investigating the seasonal variation of heart failure hospitalizations and in-hospital mortality risks in Japan using a nationwide database.,"Studies have reported seasonal variations in heart failure (HF) hospitalizations and mortality that are observed to peak in the winter, although many of these studies are from Europe or the USA. However, some studies on non-US patients have reported contrasting results. We aimed to determine whether seasonal variation exists in hospitalizations due to HF, investigate the risk of death during hospitalization, and examine possible contributors to such variability in Japan. This study was an exploratory analysis of our previous report, which included 269,636 hospitalizations due to HF between 2008 and 2018. The monthly hospitalization rate for HF was evaluated using a linear regression model with April as the reference month. The risk factors for in-hospital and monthly mortality were evaluated using the Cox proportional hazards model. The hospitalizations due to HF were significantly higher in the winter than in the summer. The peak admission rate occurred in January, and the lowest rate occurred in July. Based on April, changes in the number of hospitalizations per month were estimated using linear multiple regression analysis (adjusted R2 = 0.911). The risk of death during hospitalization was lowest in April and gradually increased from August to October (hazard ratio, 1.18-1.21). There was a significant seasonal variation in HF hospitalizations in Japan. Peak admission rates occurred in January. However, the risk of death during hospitalization was higher in August, September, and October than that in January."
41989308,Clinical Impact of Seasonal and Environmental Factors in Patients with Acute Heart Failure.,"Seasonal factors, particularly during winter, have been associated with worsened heart failure (HF). However, seasonal differences in clinical characteristics, clinical outcomes and environmental mechanisms remain unclear. We analyzed 2,857 patients hospitalized for HF. Patients were classified into four groups by season of admission: spring (March to May, n=788, 27.6%), summer (June to August, n= 699, 24.5%), fall (September to November, n=645, 22.6%) and winter (December to February, n =725, 25.4%). Baseline characteristics, clinical outcomes and environmental factors corresponding to the admission month-such as temperature, atmospheric pressure, relative humidity, sunshine duration, influenza activity and PM2.5 concentration-were compared among the groups. The winter group was older and more frequently had hypertension, diabetes, chronic kidney disease and thyroid disease. No seasonal differences were observed in sex, body mass index, HF etiology, other comorbidities, B-type natriuretic peptide levels, or left ventricular ejection fraction. Compared with the fall group, the winter group was associated with higher risk of in-hospital cardiac and all-cause mortality, 90-day cardiac and all-cause mortality (odds ratio 2.13, 1.85, 1.69, 2.01, 1.80, respectively, p<0.05). With respect to environmental factors, (1) lower temperature was associated with 90-day cardiac and all-cause mortality; (2) shorter sunshine duration was associated with 90-day all-cause mortality; and (3) higher PM2.5 concentrations were associated with in-hospital cardiac mortality. In contrast, atmospheric pressure, relative humidity, and influenza activity were not associated with clinical outcomes. Winter admission for HF was associated with older age, more comorbidities and higher in-hospital and short-term mortality, which may be partly explained by lower temperatures and shorter sunlight."
36076170,"Novel insights into the association between seasonal variations, blood pressure, and blood pressure variability in patients with new-onset essential hypertension.","Blood pressure (BP) exhibits seasonal variations, with peaks reported in winter. However, the association between seasonal variations and blood pressure variability in patients with new-onset essential hypertension is not fully understood. This study evaluated the potential association of seasonal variations with new-onset essential hypertension. This retrospective observational study recruited a total of 440 consecutive patients with new-onset essential hypertension who underwent 24-h ambulatory electrocardiograph (ECG) and BP measurement at our department between January 2019 and December 2019. Demographic and baseline clinical data including BP variability, heart rate variability, and blood tests were retrieved. Multivariate linear regression analysis was performed to identify factors independently associated with mean BP and BP variability. Among the 440 patients recruited, 93 cases were admitted in spring, 72 in summer, 151 in autumn, and 124 in winter. Univariate analysis revealed that systolic BP (SBP), diastolic BP (DBP), high-sensitivity C-reactive protein, SBP drop rate, DBP drop rate, 24-h standard deviation of SBP, 24-h standard deviation of DBP, 24-h SBP coefficient of variation, and 24-h DBP coefficient of variation were associated with patients admitted in winter (P < 0.05 for all). Multivariate linear regression analysis showed that winter was the influencing factor of 24-h standard deviation of SBP (B = 1.851, t = 3.719, P < 0.001), 24-h standard deviation of DBP (B = 1.176, t = 2.917, P = 0.004), 24-h SBP coefficient of variation (B = 0.015, t = 3.670, P < 0.001), and 24-h DBP coefficient of variation (B = 0.016, t = 2.849, P = 0.005) in hypertensive patients. Seasonal variations are closely associated with BP variability in patients with new-onset essential hypertension. Our study provides insight into the underlying pathogenesis of new-onset essential hypertension."
30409046,Seasonal variation of novel arterial stiffness indexes in Japanese hypertensive patients.,"Background and Objective: Seasonal variation of blood pressure (BP) is well known, and a relationship between increases in BP and the incidence of cardiovascular accidents (CVAs) in the winter has been reported. Parameters of arterial stiffness may exhibit seasonal variation; however, available data are currently limited. Novel arterial stiffness indexes, namely the arterial velocity pulse index (AVI) and arterial pressure-volume index (API), can be determined through usual maneuver for BP measurement during the regular examination in the outpatient clinic.The present study assessed the seasonal variation of AVI and API in 59 hypertensive patients undergoing stable treatment and regularly visiting our outpatient clinic over a period of 30 months. Methods: BP, pulse rate (PR), AVI, and API were measured using the AVE-1500 (Pasesa) in the sitting position. Six time frames of assessment were established. All measurements (average: 17.9 measurements per person) were sorted using these six time frames, and their averages were used for analysis. Results: Significant seasonal variations in PR (P < 0.001) and AVI (P < 0.001), along with weak variation in systolic BP (SBP) (P = 0.047) and marginal variation in API (P = 0.055), were confirmed by repeated analysis of variance. SBP, API, and PR were decreased, whereas AVI was increased in the summer. Coefficient variations were SBP 5.1%, PR 4.9%, AVI 12.6%, and API 10.6%. Conclusion: AVI was associated with reflected wave like as augmentation index. Thus, a high AVI may suggest increased central wave reflection. Although the significance of seasonal variation of AVI remains unknown, AVI may influence seasonal variations in the incidence of CVA."
35770661,Seasonal Variation in Day-by-Day Home Blood Pressure Variability and Effect on Cardiovascular Disease Incidence.,"Although day-by-day home blood pressure (BP) variability (BPV) has been associated with cardiovascular disease (CVD) risk, it remains unclear whether this association differs from season to season. The present study aimed to assess seasonal variation in day-by-day home BP variability and its association with CVD risk. We analyzed the data from a nationwide, prospective observational study, the J-HOP study (Japan Morning Surge-Home Blood Pressure), in which 14 consecutive days of home BP monitoring were conducted. The values of SD (SDsystolic BP [SBP]), coefficient of variationSBP, and average real variabilitySBP of home SBP were used as indices of day-by-day home BPV. Among 4231 participants (mean age, 64.9±10.9 years, 46.7% male, 91.5% hypertensives), all 3 day-by-day home BPV indices were lower in summer than winter after adjusting for confounding factors. In winter, SDSBP, coefficient of variationSBP, and average real variabilitySBP were significantly associated with increased risk of CVD events (coronary artery disease, stroke, heart failure, and aortic dissection; adjusted hazard ratio [95%CI] per 1-SD of SDSBP, 1.26 [1.02-1.54]; coefficient of variationSBP, 1.24 [1.02-1.52]; average real variabilitySBP, 1.44 [1.17-1.77]). These relationships were also observed in the analysis of quartiles of BPV parameters (adjusted hazard ratio [95%CI] compared to the first quartile, fourth quartile of SDSBP 2.26 [1.06-4.85]; coefficient of variationSBP 2.96 [1.43-6.15]; average real variabilitySBP 2.73 [1.25-5.93]). In other seasons, however, there were no significant associations between day-by-day home BPV and CVD event risk. Our findings indicate that day-by-day home BPV measured in winter is more strongly associated with future CVD incidence than that measured in other seasons."
31483570,Impact of environmental factors on heart failure decompensations.,"Heart failure (HF) is a clinical syndrome caused by a structural and/or functional cardiac abnormality, resulting in a reduced cardiac output and/or elevated intracardiac pressures at rest or during stress. This disease often causes decompensations, which may lead to hospital admissions, deteriorating patients' quality of life and causing an increment on the healthcare cost. Environmental exposure is an important but underappreciated risk factor contributing to the development and severity of cardiovascular diseases, such as HF. We used two different sets of data (January 2012 to August 2017): one related to the number of hospital admissions and the other one related to the environmental factors (weather and air quality). Admissions related data were grouped in weeks, and then two different studies were performed: (i) a univariate regression to determine whether the admissions may influence future hospitalizations prediction and (ii) a multivariate regression to determine the impact of environmental factors on admission rates. A total number of 8338 hospitalizations of 5343 different patients are available in this dataset, with a mean of 4.02 admissions per day. In European warm period (from June to October), there are significant less admissions than that in the cold period (from December to March), with a clear seasonality of admissions, because there is a similar pattern every year. Air temperature is the most significant environmental factor (r = -0.3794, P < 0.001) related to HF hospital admissions, showing an inversed correlation. Some other attributes, such as precipitation (r = 0.0795, P = 0.05), along with SO2 (precursor of acid rain) (r = 0.2692, P < 0.001) and NOX air (major air pollutant formed by combustion systems and motor vehicles) (r = 0.2196, P < 0.001) quality parameters, are also relevant. Humidity and PM10 parameters do not have significant correlations in this study (r = 0.0469 and r = -0.0485 respectively), neither relevant P-values (P = 0.238 and P = 0.324, respectively). Several environmental factors, such as weather temperature and precipitation, and major air pollutants, such as SO2 and NOX air, have an impact on the HF-related hospital admissions rate and, hence, on HF decompensations and patient's quality of life."
32579238,Circadian variation and seasonal distribution of implantable defibrillator detected new onset atrial fibrillation.,"We aimed to characterize the hourly, daily, and seasonally variations in the detection of new atrial fibrillation (AF) in heart failure patients implanted with a defibrillator. In 1309 patients enrolled in MADIT-RIT without AF at baseline, atrial arrhythmia data were analyzed from device interrogations. The circadian, weekly, and seasonal distribution of device detected AF was evaluated. The morning period was defined as 06:00-11:59, afternoon as 12:00-16:59, evening as 17:00-22:59, and the nighttime as 23:00-05:59. During 17 months of follow-up, 66 (5%) patients developed new device-detected AF. AF patients were less likely to have ischemic cardiomyopathy and were more likely to have received an implantable cardioverter defibrillator rather than a cardiac resynchronization therapy with defibrillator. The highest number of AF occurred during the evening hours (25 patients [38%]) followed by a second peak in AF detection during the afternoon hours (21 patients [32%]). Importantly during the nighttime, new AF occurred only in three patients (4%). In comparison with the nighttime period, the odds ratio (OR) of developing AF during the evening time period was 8.5-fold higher (95% CI 7.3-9.7, P < .01). Detection of AF during the spring and winter seasons accounted for 67% of all new device-detected AF. There is diurnal and seasonal variation in new onset AF. A double peak in the incidence of AF is observed during the afternoon and evening hours, and during the spring and winter seasons. This information may be useful when deciding when to screen at-risk patients for new AF."
1797411,"Circadian, weekly, and seasonal variations in cardiac mortality, blood pressure, and catecholamine excretion.","Time of occurrence of cardiac death due to arrhythmia, heart failure, or acute myocardial infarction was recorded in 86 elderly subjects, belonging to a group in whom circadian and circannual rhythms in blood pressure and urinary catecholamine excretion had been studied previously. All patients were retired, with no work responsibilities, and lived--closely-supervised in a home for the aged--on a routine that provided little differences between weekdays and weekends. Cardiac mortality showed a circadian variation, with a peak in the early morning hours, coinciding with the circadian peak in systolic and diastolic blood pressures. A weekly (circaseptan) variation in cardiac mortality was found, with the greatest number of patients dying on Mondays and the least on Thursdays. There were seasonal differences in cardiac mortality, with a peak in July and a broader peak during the cold season (December to February). The former coincides with the circannual peak in diastolic blood pressure, but is unrelated to the seasonal variation in norepinephrine excretion. Circadian, circaseptan, and circannual variations in cardiac mortality appear to be the expression of time-dependent, transient risk states for catastrophic cardiac events, which may lend themselves to preventive treatment."
29300764,Increased hospitalizations for decompensated heart failure and acute myocardial infarction during mild winters: A seven-year experience in the public health system of the largest city in Latin America.,"In high-income temperate countries, the number of hospitalizations for heart failure (HF) and acute myocardial infarction (AMI) increases during the winter. This finding has not been fully investigated in low- and middle-income countries with tropical and subtropical climates. We investigated the seasonality of hospitalizations for HF and AMI in Sao Paulo (Brazil), the largest city in Latin America. This was a retrospective study using data for 76,474 hospitalizations for HF and 54,561 hospitalizations for AMI obtained from public hospitals, from January 2008 to April 2015. The average number of hospitalizations for HF and AMI per month during winter was compared to each of the other seasons. The autoregressive integrated moving average (ARIMA) model was used to test the association between temperature and hospitalization rates. The highest average number of hospital admissions for HF and AMI per month occurred during winter, with an increase of up to 30% for HF and 16% for AMI when compared to summer, the season with lowest figures for both diseases (respectively, HF: 996 vs. 767 per month, p<0.001; and AMI: 678 vs. 586 per month, p<0.001). Monthly average temperatures were moderately lower during winter than other seasons and they were not associated with hospitalizations for HF and AMI. The winter season was associated with a greater number of hospitalizations for both HF and AMI. This increase was not associated with seasonal oscillations in temperature, which were modest. Our study suggests that the prevention of cardiovascular disease decompensation should be emphasized during winter even in low to middle-income countries with tropical and subtropical climates."
25421314,Clinical scenario 1 is associated with winter onset of acute heart failure.,"Several reports have evaluated the association between seasonal variation and acute heart failure (AHF) onset. Cold weather may induce AHF, but the clinical characteristics of patients susceptible to AHF during winter have not been established. Clinical Scenario (CS) is used in the early clinical management of AHF, so we investigated the relationship between CS classification and winter onset of AHF in Japan. We enrolled 582 patients hospitalized for AHF and compared the frequency of AHF among the 4 seasons in each CS group to clarify the clinical characteristics of the winter onset group. Significant increase of AHF during winter was seen in CS1 (systolic blood pressure [SBP] (>140 mmHg) (P=0.01) but not in CS2 (SBP ≥ 100 and ≤ 140 mmHg) or CS3 (SBP <100 mmHg). CS1 patients were divided into winter and other season admission groups. In multivariate analysis, only lack of loop diuretic use was associated with winter admission of CS1 patients (odds ratio 0.562, 95% confidence interval: 0.256-0.798, P=0.006). Winter predominance of AHF was seen only in CS1, and lack of loop diuretic use was a risk factor for winter onset. Future studies are necessary to confirm whether loop diuretics are useful in preventing AHF with CS1 in winter."
32360644,Prevalence and seasonal variation of precipitants of heart failure hospitalization and risk of readmission.,"To determine the prevalence and seasonal variation in precipitants of heart failure (HF) hospitalization and the risk of subsequent HF hospitalizations. We analysed the characteristics and outcomes of patients hospitalized with HF and enrolled in the Management of Cardiac Failure program in Sydney, Australia. Potential precipitants of HF hospitalization were identified, and Cox-regression analyses performed according to the precipitant. Among 6918 patients hospitalized with HF, 5384 (78%) had identified one or more precipitating factors leading to the hospitalization and 3648 (53%) had a single identifiable precipitant. Most precipitants were due to one or more of five prespecified causes - infection (n = 2014), ischemia (n = 1781), arrhythmia (n = 1724), medication related (n = 925) and diet non-compliance (n = 408). All precipitants were more common during winter (p < 0.001), especially infection related precipitants, of which 36% occurred during winter. Among patients with a single identifiable precipitant, one-year risk for HF readmission was lower when the precipitant was arrhythmia (16%) or infection (17%) than when the precipitant was ischemia (21%), dietary non-compliance (23%) or medication related (25%). The precipitant for HF rehospitalizations were more likely to be the same precipitant for the initial admission: infection vs no infection (HR 1.51, 95% CI 1.08-2.13), ischemia vs no ischemia (HR 2.79, 95% CI 1.83-4.25), arrhythmia vs no arrhythmia (HR 3.31, 95% CI 1.87-5.88) and medication related vs not medication related (HR 2.28, 95% CI 1.39-3.74). The precipitant of HF hospitalization influences the risk and precipitant of subsequent HF hospitalizations. Identifying and targeting interventions towards the precipitating factor may be an important strategy to prevent future HF hospitalizations."
28865777,Seasonal Periodicity of Ischemic Heart Disease and Heart Failure.,"Seasonal variation for ischemic heart disease and heart failure is known. The interplay of environmental, biological, and physiologic changes is fascinating. This article highlights the seasonal periodicity of ischemic heart disease and heart failure and examines some of the potential reasons for these unique observations."
22578087,Daily serial hemodynamic data during pregnancy and seasonal variation: the BOSHI study.,"Although there are some reports that low plasma volume or increased cardiac output is associated with developing preeclampsia, there are few reports of daily serial hemodynamic data during pregnancy. A total of 37,092 home blood pressure (BP) and heart rate (HR) measurements were obtained from 425 normal pregnant women. Heart rate and shock index (SI) gradually increased by gestational week 32 and then decreased, whereas double product (DP) increased linearly during pregnancy. Although systolic BP and DP were consistently and negatively correlated with daily minimum outside temperature, HR and SI were positively correlated with minimum outside temperature in summer."
28231259,Impact of seasonality and air pollutants on carotid-femoral pulse wave velocity and wave reflection in hypertensive patients.,"The effects of seasonality on blood pressure (BP) and cardiovascular (CV) events are well established, while the influence of seasonality and other environmental factors on arterial stiffness and wave reflection has never been analyzed. This study evaluated whether seasonality (daily number of hours of light) and acute variations in outdoor temperature and air pollutants may affect carotid-femoral pulse wave velocity (PWV) and pressure augmentation. 731 hypertensive patients (30-88 years, 417 treated) were enrolled in a cross-sectional study during a 5-year period. PWV, central BP, Augmentation Index (AIx) and Augmentation Pressure (AP) were measured in a temperature-controlled (22-24°C) room. Data of the local office of the National Climatic Data Observatory were used to estimate meteorological conditions and air pollutants (PM10, O3, CO, N2O) exposure on the same day. PWV (mean value 8.5±1.8 m/s) was related to age (r = 0.467, p<0.001), body mass index (r = 0.132, p<0.001), central systolic (r = 0.414, p<0.001) and diastolic BP (r = 0.093, p = 0.013), daylight hours (r = -0.176, p<0.001), mean outdoor temperature (r = -0.082, p = 0.027), O3 (r = -0.135, p<0.001), CO (r = 0.096, p = 0.012), N2O (r = 0.087, p = 0.022). In multiple linear regression analysis, adjusted for confounders, PWV remained independently associated only with daylight hours (β = -0.170; 95% CI: -0.273 to -0.067, p = 0.001). No significant correlation was found between pressure augmentation and daylight hours, mean temperature or air pollutants. The relationship was stronger in untreated patients and women. Furthermore, a positive, independent association between O3 levels and PWV emerged in untreated patients (β: 0.018; p = 0.029; CI: 0.002 to 0.034) and in women (β: 0.027; p = 0.004; CI: 0.009 to 0.045). PWV showed a marked seasonality in hypertensive patients. Environmental O3 levels may acutely reduce arterial stiffness in hypertensive women and in untreated patients."
9856358,Seasonal variations in home and ambulatory blood pressure in the PAMELA population. Pressione Arteriose Monitorate E Loro Associazioni.,"Clinic blood pressure values are known to change according to seasonal influences. We therefore examined home and 24 h ambulatory blood pressure values to determine whether these measurements are also affected by the seasons. In 2051 subjects of the Pressione Arteriose Monitorate E Loro Associazioni (PAMELA) study, we measured clinic (sphygmomanometric measurements), home (semi-automatic device) and ambulatory (Spacelabs 90207) systolic blood pressure, diastolic blood pressure and heart rate. Because the overall sample was evenly distributed over each month (except August), we were able to make a cross-sectional determination of whether the values differed between seasons. The corresponding heart rates were also evaluated. As expected, summer was associated with the lowest clinic blood pressure and winter with the highest, and this was the case also for home and 24 h average blood pressure, although seasonal differences in the latter were less pronounced. Seasonal clinic, home and ambulatory blood pressure patterns were similar for normotensive subjects (n = 1152), untreated hypertensives (n = 540) and treated hypertensives (n = 359). Heart rate values did not differ by season. Seasonal influences on blood pressure are not limited to conventional measurements but characterize daily values as well. These effects are visible in both normal and elevated blood pressure values, regardless of the effect of antihypertensive drugs. This has implications both for the clinician and for studies aimed at evaluating the effects of antihypertensive treatment."
36833593,Circadian and Seasonal Pattern of Arrhythmic Events in Arrhythmogenic Cardiomyopathy Patients.,"Arrhythmogenic right ventricular cardiomyopathy (ARVC) is an inherited cardiac disease associated with an increased risk of life-threatening arrhythmias. The aim of the present study was to evaluate the association of ventricular arrhythmias (VA) with circadian and seasonal variation in ARVC. One hundred two ARVC patients with an implantable cardioverter defibrillator (ICD) were enrolled in the study. Arrhythmic events included (a) any initial ventricular tachycardia (VT) or fibrillation (VF) prompting ICD implantation, (b) any VT or non-sustained VT (NSVT) recorded by the ICD, and (c) appropriate ICD shocks/therapy. Differences in the annual incidence of events across seasons (winter, spring, summer, autumn) and period of the day (night, morning, afternoon, evening) were assessed both for all cardiac events and major arrhythmic events. In total, 67 events prior to implantation and 263 ICD events were recorded. These included 135 major (58 ICD therapies, 57 self-terminating VT, 20 sustained VT) and 148 minor (NSVT) events. A significant increase in the frequency of events was observed in the afternoon versus in the nights and mornings (p = 0.016). The lowest number of events was registered in the summer, with a peak in the winter (p < 0.001). Results were also confirmed when excluding NSVT. Arrhythmic events in ARVC follow a seasonal variation and a circadian rhythm. They are more prevalent in the late afternoon, the most active period of the day, and in the winter, supporting the role of physical activity and inflammation as triggers of events."
